{
  "_ts": 1760401675.27791,
  "value": {
    "active_wallets": 4513.0,
    "exchange_inflow": 0.6760574311250488,
    "exchange_outflow": 0.2515795468869726,
    "funding_rate": -0.035013184470262804,
    "whale_txs": 7.0,
    "ts": 1760401675.277905
  }
}