{
  "_ts": 1760401676.138905,
  "value": {
    "active_wallets": 2125.0,
    "exchange_inflow": 0.6578434863342613,
    "exchange_outflow": 0.8856566602755415,
    "funding_rate": 0.00591027127891889,
    "whale_txs": 19.0,
    "ts": 1760401676.138857
  }
}