{
  "_ts": 1760401674.5939991,
  "value": {
    "active_wallets": 1729.0,
    "exchange_inflow": 0.8063755165432387,
    "exchange_outflow": 0.4647204782230707,
    "funding_rate": 0.0021574488684430043,
    "whale_txs": 11.0,
    "ts": 1760401674.593997
  }
}