{
  "_ts": 1760401735.708054,
  "value": {
    "active_wallets": 4108.0,
    "exchange_inflow": 0.3451256819170615,
    "exchange_outflow": 0.9190666692765233,
    "funding_rate": -0.005168254640226647,
    "whale_txs": 20.0,
    "ts": 1760401735.7080462
  }
}