{
  "_ts": 1760430447.712992,
  "value": {
    "active_wallets": 4169.0,
    "exchange_inflow": 0.8114622057555323,
    "exchange_outflow": 0.4832135693427708,
    "funding_rate": 0.011867349604260481,
    "whale_txs": 16.0,
    "ts": 1760430447.71299
  }
}