{
  "_ts": 1760401675.2792058,
  "value": {
    "active_wallets": 2606.0,
    "exchange_inflow": 0.9889920949466556,
    "exchange_outflow": 0.5863801144770381,
    "funding_rate": 0.0026785008236916083,
    "whale_txs": 5.0,
    "ts": 1760401675.279202
  }
}