{
  "_ts": 1760430447.712647,
  "value": {
    "active_wallets": 1801.0,
    "exchange_inflow": 0.08426592748802542,
    "exchange_outflow": 0.6444050677459132,
    "funding_rate": 0.02584427823028719,
    "whale_txs": 6.0,
    "ts": 1760430447.712644
  }
}