{
  "_ts": 1760432813.6023,
  "value": {
    "active_wallets": 1438.0,
    "exchange_inflow": 0.05322736707854592,
    "exchange_outflow": 0.3981764765532235,
    "funding_rate": -0.010191089636506202,
    "whale_txs": 14.0,
    "ts": 1760432813.60227
  }
}