{
  "_ts": 1760498401.189947,
  "value": {
    "active_wallets": 2831.0,
    "exchange_inflow": 0.007439642437193195,
    "exchange_outflow": 0.7510261565509114,
    "funding_rate": -0.037611749934164974,
    "whale_txs": 2.0,
    "ts": 1760498401.189944
  }
}