{
  "_ts": 1760433414.592892,
  "value": {
    "active_wallets": 2503.0,
    "exchange_inflow": 0.9171322891398939,
    "exchange_outflow": 0.3908483234818413,
    "funding_rate": 0.016033193344422797,
    "whale_txs": 11.0,
    "ts": 1760433414.592882
  }
}