{
  "_ts": 1760433429.620084,
  "value": {
    "active_wallets": 3317.0,
    "exchange_inflow": 0.2507535410247853,
    "exchange_outflow": 0.7537666493156919,
    "funding_rate": 0.006379422944498302,
    "whale_txs": 11.0,
    "ts": 1760433429.620081
  }
}