{
  "_ts": 1760430709.848217,
  "value": {
    "active_wallets": 3037.0,
    "exchange_inflow": 0.0069802761713464445,
    "exchange_outflow": 0.2549998662744908,
    "funding_rate": -0.04896305642303268,
    "whale_txs": 9.0,
    "ts": 1760430709.848213
  }
}