{
  "_ts": 1760452676.501695,
  "value": {
    "active_wallets": 4991.0,
    "exchange_inflow": 0.5640796133432333,
    "exchange_outflow": 0.988265050791612,
    "funding_rate": 0.04293629668135446,
    "whale_txs": 19.0,
    "ts": 1760452676.501686
  }
}