{
  "_ts": 1760452661.472026,
  "value": {
    "active_wallets": 4010.0,
    "exchange_inflow": 0.6937998367410394,
    "exchange_outflow": 0.15483917161317073,
    "funding_rate": 0.047398908883685975,
    "whale_txs": 1.0,
    "ts": 1760452661.47202
  }
}