{
  "_ts": 1760424112.705112,
  "value": {
    "active_wallets": 3664.0,
    "exchange_inflow": 0.34620202158873814,
    "exchange_outflow": 0.44109348867245546,
    "funding_rate": -0.007065622278629849,
    "whale_txs": 20.0,
    "ts": 1760424112.7051048
  }
}