{
  "_ts": 1760430725.099079,
  "value": {
    "active_wallets": 3156.0,
    "exchange_inflow": 0.7740858580789695,
    "exchange_outflow": 0.8871120520328599,
    "funding_rate": 0.03627433796872463,
    "whale_txs": 10.0,
    "ts": 1760430725.099051
  }
}