{
  "_ts": 1760425014.31298,
  "value": {
    "active_wallets": 3748.0,
    "exchange_inflow": 0.10006137797153891,
    "exchange_outflow": 0.5572921174391293,
    "funding_rate": -0.03178871474424358,
    "whale_txs": 2.0,
    "ts": 1760425014.312974
  }
}