{
  "_ts": 1760458389.4661949,
  "value": {
    "active_wallets": 2312.0,
    "exchange_inflow": 0.17877262243515435,
    "exchange_outflow": 0.7058201744372075,
    "funding_rate": -0.015951759263390146,
    "whale_txs": 14.0,
    "ts": 1760458389.466154
  }
}