{
  "_ts": 1760498101.1256251,
  "value": {
    "active_wallets": 4798.0,
    "exchange_inflow": 0.14509463134174683,
    "exchange_outflow": 0.25498989424927854,
    "funding_rate": 0.010057852626592534,
    "whale_txs": 9.0,
    "ts": 1760498101.125623
  }
}