{
  "_ts": 1760497200.090204,
  "value": {
    "active_wallets": 4831.0,
    "exchange_inflow": 0.8828944044841319,
    "exchange_outflow": 0.28672621461306835,
    "funding_rate": -0.04391733760052555,
    "whale_txs": 8.0,
    "ts": 1760497200.090042
  }
}