{
  "_ts": 1760461707.982403,
  "value": {
    "active_wallets": 2749.0,
    "exchange_inflow": 0.5316004283100585,
    "exchange_outflow": 0.08561454138878521,
    "funding_rate": -0.0056563226642326395,
    "whale_txs": 7.0,
    "ts": 1760461707.982395
  }
}