{
  "_ts": 1760433429.619523,
  "value": {
    "active_wallets": 1495.0,
    "exchange_inflow": 0.6332147052976705,
    "exchange_outflow": 0.5494046908556407,
    "funding_rate": -0.0012266992533742083,
    "whale_txs": 16.0,
    "ts": 1760433429.619518
  }
}