{
  "_ts": 1760461407.2990358,
  "value": {
    "active_wallets": 4534.0,
    "exchange_inflow": 0.8003651188730917,
    "exchange_outflow": 0.6078611250854322,
    "funding_rate": -0.04143254322871387,
    "whale_txs": 8.0,
    "ts": 1760461407.299032
  }
}