{
  "_ts": 1760450873.521926,
  "value": {
    "active_wallets": 2353.0,
    "exchange_inflow": 0.5699145346183381,
    "exchange_outflow": 0.8700920517700036,
    "funding_rate": -0.025727334512007885,
    "whale_txs": 0.0,
    "ts": 1760450873.521921
  }
}