{
  "_ts": 1760429823.5923562,
  "value": {
    "active_wallets": 3546.0,
    "exchange_inflow": 0.15799891650862385,
    "exchange_outflow": 0.6543002597752867,
    "funding_rate": -0.009060370284337003,
    "whale_txs": 20.0,
    "ts": 1760429823.592339
  }
}