{
  "_ts": 1760486973.761515,
  "value": {
    "active_wallets": 3914.0,
    "exchange_inflow": 0.5139377040051488,
    "exchange_outflow": 0.06606105305619303,
    "funding_rate": -0.018310717152011283,
    "whale_txs": 16.0,
    "ts": 1760486973.761508
  }
}