{
  "_ts": 1760486973.763477,
  "value": {
    "active_wallets": 2771.0,
    "exchange_inflow": 0.49921981739353705,
    "exchange_outflow": 0.8606095613579865,
    "funding_rate": -0.04140310678975047,
    "whale_txs": 18.0,
    "ts": 1760486973.763475
  }
}