{
  "_ts": 1760420489.53122,
  "value": {
    "active_wallets": 4335.0,
    "exchange_inflow": 0.7655182806097596,
    "exchange_outflow": 0.40477340517879523,
    "funding_rate": 0.04397183957659928,
    "whale_txs": 0.0,
    "ts": 1760420489.5312052
  }
}