{
  "_ts": 1760452572.693839,
  "value": {
    "active_wallets": 2962.0,
    "exchange_inflow": 0.3998941878885258,
    "exchange_outflow": 0.06018822921939171,
    "funding_rate": 0.01963693584918677,
    "whale_txs": 19.0,
    "ts": 1760452572.693825
  }
}