{
  "_ts": 1760432759.4540899,
  "value": {
    "active_wallets": 3603.0,
    "exchange_inflow": 0.9796146515321419,
    "exchange_outflow": 0.6455703479851536,
    "funding_rate": -0.03238588271546124,
    "whale_txs": 11.0,
    "ts": 1760432759.4540539
  }
}