{
  "_ts": 1760432212.4762518,
  "value": {
    "active_wallets": 3613.0,
    "exchange_inflow": 0.6311828307161104,
    "exchange_outflow": 0.5416624372186618,
    "funding_rate": 0.0016042674820428982,
    "whale_txs": 4.0,
    "ts": 1760432212.476236
  }
}