{
  "_ts": 1760420505.00639,
  "value": {
    "active_wallets": 1841.0,
    "exchange_inflow": 0.1474421321596543,
    "exchange_outflow": 0.8965838231542052,
    "funding_rate": -0.03442680934017063,
    "whale_txs": 7.0,
    "ts": 1760420505.0063841
  }
}