{
  "_ts": 1760429823.5945878,
  "value": {
    "active_wallets": 3892.0,
    "exchange_inflow": 0.7974611431211533,
    "exchange_outflow": 0.6578218757351392,
    "funding_rate": -0.04250169768288018,
    "whale_txs": 3.0,
    "ts": 1760429823.594581
  }
}