{
  "_ts": 1760464113.586347,
  "value": {
    "active_wallets": 2510.0,
    "exchange_inflow": 0.003386878529455517,
    "exchange_outflow": 0.6165695106579105,
    "funding_rate": -9.298226738048421e-05,
    "whale_txs": 1.0,
    "ts": 1760464113.586345
  }
}