{
  "_ts": 1760432227.508794,
  "value": {
    "active_wallets": 2920.0,
    "exchange_inflow": 0.017995615600437498,
    "exchange_outflow": 0.8061953013102529,
    "funding_rate": 0.0006207969303640218,
    "whale_txs": 3.0,
    "ts": 1760432227.508789
  }
}