{
  "_ts": 1760460478.2530181,
  "value": {
    "active_wallets": 4337.0,
    "exchange_inflow": 0.06574281986017161,
    "exchange_outflow": 0.01797810851256798,
    "funding_rate": 0.005878668930147789,
    "whale_txs": 6.0,
    "ts": 1760460478.253001
  }
}