{
  "_ts": 1760450858.493357,
  "value": {
    "active_wallets": 1144.0,
    "exchange_inflow": 0.1809617322883702,
    "exchange_outflow": 0.41691103048143663,
    "funding_rate": -0.020761419142770843,
    "whale_txs": 12.0,
    "ts": 1760450858.493351
  }
}