{
  "_ts": 1760509810.634974,
  "value": {
    "active_wallets": 1043.0,
    "exchange_inflow": 0.4251672538474285,
    "exchange_outflow": 0.5953465093307312,
    "funding_rate": -0.016470228866606006,
    "whale_txs": 3.0,
    "ts": 1760509810.634971
  }
}