{
  "_ts": 1760431559.315948,
  "value": {
    "active_wallets": 1239.0,
    "exchange_inflow": 0.45968720045686584,
    "exchange_outflow": 0.6926385167422309,
    "funding_rate": 0.007478703186566425,
    "whale_txs": 14.0,
    "ts": 1760431559.315934
  }
}