{
  "_ts": 1760509810.6294389,
  "value": {
    "active_wallets": 1183.0,
    "exchange_inflow": 0.9222432763854926,
    "exchange_outflow": 0.3805586760276719,
    "funding_rate": 0.0028975680829573594,
    "whale_txs": 2.0,
    "ts": 1760509810.629431
  }
}