{
  "_ts": 1760461707.983857,
  "value": {
    "active_wallets": 4210.0,
    "exchange_inflow": 0.9751370440488979,
    "exchange_outflow": 0.002613303943681422,
    "funding_rate": -0.037122648916023016,
    "whale_txs": 3.0,
    "ts": 1760461707.983855
  }
}