{
  "_ts": 1760509810.636116,
  "value": {
    "active_wallets": 1429.0,
    "exchange_inflow": 0.9759124621768787,
    "exchange_outflow": 0.12455044221583877,
    "funding_rate": -0.03661721456183447,
    "whale_txs": 16.0,
    "ts": 1760509810.636114
  }
}