{
  "_ts": 1760420505.0052118,
  "value": {
    "active_wallets": 4855.0,
    "exchange_inflow": 0.18571954720575923,
    "exchange_outflow": 0.8108371587423358,
    "funding_rate": -0.04396478241007772,
    "whale_txs": 17.0,
    "ts": 1760420505.005194
  }
}