{
  "_ts": 1760461079.355811,
  "value": {
    "active_wallets": 2535.0,
    "exchange_inflow": 0.4967653584574726,
    "exchange_outflow": 0.7367880613211168,
    "funding_rate": -0.036441964661181936,
    "whale_txs": 11.0,
    "ts": 1760461079.355788
  }
}