{
  "_ts": 1760394198.355635,
  "value": {
    "active_wallets": 2274.0,
    "exchange_inflow": 0.8257752970166653,
    "exchange_outflow": 0.5323844943782124,
    "funding_rate": -0.04132928707238932,
    "whale_txs": 8.0,
    "ts": 1760394198.355621
  }
}