{
  "_ts": 1760424053.108364,
  "value": {
    "active_wallets": 4041.0,
    "exchange_inflow": 0.15368669580523975,
    "exchange_outflow": 0.8692565799894645,
    "funding_rate": 0.033309659623932994,
    "whale_txs": 17.0,
    "ts": 1760424053.1083221
  }
}