{
  "_ts": 1760460980.9993541,
  "value": {
    "active_wallets": 4861.0,
    "exchange_inflow": 0.2097077782688539,
    "exchange_outflow": 0.8066649034036015,
    "funding_rate": -0.009209234957755642,
    "whale_txs": 2.0,
    "ts": 1760460980.999321
  }
}