{
  "_ts": 1760459479.825254,
  "value": {
    "active_wallets": 2990.0,
    "exchange_inflow": 0.0651008299254967,
    "exchange_outflow": 0.8380731887590216,
    "funding_rate": 0.0338646897254187,
    "whale_txs": 16.0,
    "ts": 1760459479.8252401
  }
}