{
  "_ts": 1760429757.0042062,
  "value": {
    "active_wallets": 3958.0,
    "exchange_inflow": 0.003745130769261973,
    "exchange_outflow": 0.9471034997983364,
    "funding_rate": -0.0010157916854455634,
    "whale_txs": 12.0,
    "ts": 1760429757.0041752
  }
}