{
  "_ts": 1760394198.3574479,
  "value": {
    "active_wallets": 3143.0,
    "exchange_inflow": 0.080068538616898,
    "exchange_outflow": 0.912880329284165,
    "funding_rate": -0.02576613693417508,
    "whale_txs": 13.0,
    "ts": 1760394198.3574421
  }
}