{
  "_ts": 1760829582.686804,
  "value": {
    "active_wallets": 4731.0,
    "exchange_inflow": 0.27753132042531603,
    "exchange_outflow": 0.6959877485239366,
    "funding_rate": 0.03862560061043606,
    "whale_txs": 16.0,
    "ts": 1760829582.6867838
  }
}