{
  "_ts": 1760430658.005522,
  "value": {
    "active_wallets": 4206.0,
    "exchange_inflow": 0.039726233669967526,
    "exchange_outflow": 0.9340515391438783,
    "funding_rate": 0.047609653626131634,
    "whale_txs": 14.0,
    "ts": 1760430658.005482
  }
}