{
  "_ts": 1760420450.4183629,
  "value": {
    "active_wallets": 4931.0,
    "exchange_inflow": 0.33098664822676616,
    "exchange_outflow": 0.20862858570708742,
    "funding_rate": 0.035712477023549474,
    "whale_txs": 18.0,
    "ts": 1760420450.418331
  }
}