{
  "_ts": 1760464113.5844748,
  "value": {
    "active_wallets": 1334.0,
    "exchange_inflow": 0.5656466506413969,
    "exchange_outflow": 0.20569530243448053,
    "funding_rate": 0.02151452928324453,
    "whale_txs": 14.0,
    "ts": 1760464113.5844638
  }
}