{
  "_ts": 1760427954.972211,
  "value": {
    "active_wallets": 2589.0,
    "exchange_inflow": 0.8354858063216707,
    "exchange_outflow": 0.9530859705188595,
    "funding_rate": 0.0095573208739234,
    "whale_txs": 14.0,
    "ts": 1760427954.972197
  }
}