{
  "_ts": 1760432227.5063932,
  "value": {
    "active_wallets": 3271.0,
    "exchange_inflow": 0.45467130847505854,
    "exchange_outflow": 0.4517859399775441,
    "funding_rate": 0.04489990542996951,
    "whale_txs": 3.0,
    "ts": 1760432227.5063832
  }
}