{
  "_ts": 1760461094.387699,
  "value": {
    "active_wallets": 3757.0,
    "exchange_inflow": 0.5790918945391368,
    "exchange_outflow": 0.618707113603204,
    "funding_rate": 0.02318706752499987,
    "whale_txs": 17.0,
    "ts": 1760461094.3876941
  }
}