{
  "_ts": 1760498101.123577,
  "value": {
    "active_wallets": 1295.0,
    "exchange_inflow": 0.09732845528602663,
    "exchange_outflow": 0.32628208229629485,
    "funding_rate": -0.0477030433318865,
    "whale_txs": 3.0,
    "ts": 1760498101.123571
  }
}