{
  "_ts": 1760424653.130817,
  "value": {
    "active_wallets": 2069.0,
    "exchange_inflow": 0.6121778502104274,
    "exchange_outflow": 0.6920462318779356,
    "funding_rate": 0.014892563698068045,
    "whale_txs": 4.0,
    "ts": 1760424653.130783
  }
}