{
  "_ts": 1760498401.1874921,
  "value": {
    "active_wallets": 4521.0,
    "exchange_inflow": 0.6606986260478992,
    "exchange_outflow": 0.6666423741628701,
    "funding_rate": -0.02324009180045399,
    "whale_txs": 8.0,
    "ts": 1760498401.1874838
  }
}