{
  "_ts": 1760425014.313549,
  "value": {
    "active_wallets": 1550.0,
    "exchange_inflow": 0.887595178169217,
    "exchange_outflow": 0.5003170943573723,
    "funding_rate": 0.020872618079657373,
    "whale_txs": 12.0,
    "ts": 1760425014.313546
  }
}