{
  "_ts": 1760394199.41311,
  "value": {
    "active_wallets": 3415.0,
    "exchange_inflow": 0.34788211140587966,
    "exchange_outflow": 0.5604637053143579,
    "funding_rate": 0.049256035299992035,
    "whale_txs": 1.0,
    "ts": 1760394199.413104
  }
}