{
  "_ts": 1760432828.629217,
  "value": {
    "active_wallets": 4325.0,
    "exchange_inflow": 0.06970355431078812,
    "exchange_outflow": 0.7978381805645932,
    "funding_rate": -0.03404926709716939,
    "whale_txs": 12.0,
    "ts": 1760432828.6292129
  }
}