{
  "_ts": 1760424713.7450528,
  "value": {
    "active_wallets": 1865.0,
    "exchange_inflow": 0.31456419644158307,
    "exchange_outflow": 0.6341199952262809,
    "funding_rate": -0.0037414254003107147,
    "whale_txs": 5.0,
    "ts": 1760424713.745043
  }
}