{
  "_ts": 1760432159.361459,
  "value": {
    "active_wallets": 2019.0,
    "exchange_inflow": 0.7336390284671623,
    "exchange_outflow": 0.3388523673878071,
    "funding_rate": 0.0329838751034488,
    "whale_txs": 9.0,
    "ts": 1760432159.3614311
  }
}