{
  "_ts": 1760431626.512244,
  "value": {
    "active_wallets": 3821.0,
    "exchange_inflow": 0.05228628121242951,
    "exchange_outflow": 0.67594906658719,
    "funding_rate": 0.04797717430788144,
    "whale_txs": 10.0,
    "ts": 1760431626.512233
  }
}