{
  "_ts": 1760428906.6889029,
  "value": {
    "active_wallets": 1054.0,
    "exchange_inflow": 0.20328525648060292,
    "exchange_outflow": 0.7543779490728854,
    "funding_rate": 0.0029873093981491947,
    "whale_txs": 14.0,
    "ts": 1760428906.688888
  }
}