{
  "_ts": 1760459591.834351,
  "value": {
    "active_wallets": 3395.0,
    "exchange_inflow": 0.6141104624796586,
    "exchange_outflow": 0.05137558113107932,
    "funding_rate": 0.010314152089408023,
    "whale_txs": 12.0,
    "ts": 1760459591.834347
  }
}