{
  "_ts": 1760424698.42683,
  "value": {
    "active_wallets": 3455.0,
    "exchange_inflow": 0.35992352364915403,
    "exchange_outflow": 0.35393491386586207,
    "funding_rate": 0.016684439239597393,
    "whale_txs": 11.0,
    "ts": 1760424698.4268212
  }
}