{
  "_ts": 1760424112.7065349,
  "value": {
    "active_wallets": 1606.0,
    "exchange_inflow": 0.2710181690550456,
    "exchange_outflow": 0.6625524205029646,
    "funding_rate": 0.017894723794430606,
    "whale_txs": 19.0,
    "ts": 1760424112.706531
  }
}