{
  "_ts": 1760431626.509608,
  "value": {
    "active_wallets": 2821.0,
    "exchange_inflow": 0.601482730549928,
    "exchange_outflow": 0.9534765303415976,
    "funding_rate": 0.009705819843153975,
    "whale_txs": 3.0,
    "ts": 1760431626.50959
  }
}