{
  "_ts": 1760497200.0929432,
  "value": {
    "active_wallets": 3689.0,
    "exchange_inflow": 0.5963856786081143,
    "exchange_outflow": 0.23432046859366074,
    "funding_rate": 0.038867316518619396,
    "whale_txs": 8.0,
    "ts": 1760497200.09294
  }
}