{
  "_ts": 1760428922.030658,
  "value": {
    "active_wallets": 4660.0,
    "exchange_inflow": 0.9553543446737464,
    "exchange_outflow": 0.31788790981263637,
    "funding_rate": 0.035246414019423536,
    "whale_txs": 2.0,
    "ts": 1760428922.0306509
  }
}