{
  "_ts": 1760462910.6766238,
  "value": {
    "active_wallets": 4276.0,
    "exchange_inflow": 0.47037845082598817,
    "exchange_outflow": 0.3752390946621904,
    "funding_rate": 0.022302260406564273,
    "whale_txs": 5.0,
    "ts": 1760462910.676613
  }
}