{
  "_ts": 1760429156.834962,
  "value": {
    "active_wallets": 1193.0,
    "exchange_inflow": 0.3073138366937871,
    "exchange_outflow": 0.6264488650578415,
    "funding_rate": 0.035541057700059206,
    "whale_txs": 3.0,
    "ts": 1760429156.834944
  }
}