{
  "_ts": 1760432813.603751,
  "value": {
    "active_wallets": 4168.0,
    "exchange_inflow": 0.01763729547898818,
    "exchange_outflow": 0.9272842515834893,
    "funding_rate": -0.0007717071080100349,
    "whale_txs": 16.0,
    "ts": 1760432813.603745
  }
}