{
  "_ts": 1760424713.742686,
  "value": {
    "active_wallets": 2104.0,
    "exchange_inflow": 0.6379574432069761,
    "exchange_outflow": 0.6211290060095409,
    "funding_rate": -0.049005264816354456,
    "whale_txs": 14.0,
    "ts": 1760424713.742671
  }
}