{
  "_ts": 1760497500.253597,
  "value": {
    "active_wallets": 1715.0,
    "exchange_inflow": 0.3623073494916452,
    "exchange_outflow": 0.5336812911986276,
    "funding_rate": 0.04883638906922769,
    "whale_txs": 19.0,
    "ts": 1760497500.2535949
  }
}