{
  "_ts": 1760460478.255268,
  "value": {
    "active_wallets": 4380.0,
    "exchange_inflow": 0.01727217212383103,
    "exchange_outflow": 0.2097173227408311,
    "funding_rate": -0.030360615756639855,
    "whale_txs": 1.0,
    "ts": 1760460478.255263
  }
}