{
  "_ts": 1760424998.974022,
  "value": {
    "active_wallets": 3097.0,
    "exchange_inflow": 0.3542809983322813,
    "exchange_outflow": 0.12209073094180944,
    "funding_rate": -0.03540943406938011,
    "whale_txs": 0.0,
    "ts": 1760424998.974011
  }
}