{
  "_ts": 1760431611.331336,
  "value": {
    "active_wallets": 3187.0,
    "exchange_inflow": 0.7008049666971365,
    "exchange_outflow": 0.9214578771729138,
    "funding_rate": -0.026113245755207792,
    "whale_txs": 15.0,
    "ts": 1760431611.331331
  }
}