{
  "_ts": 1760428005.156054,
  "value": {
    "active_wallets": 3961.0,
    "exchange_inflow": 0.16720440623014465,
    "exchange_outflow": 0.7686599204589649,
    "funding_rate": -0.01850790292156166,
    "whale_txs": 11.0,
    "ts": 1760428005.1560252
  }
}