{
  "_ts": 1760452661.4698539,
  "value": {
    "active_wallets": 1501.0,
    "exchange_inflow": 0.16902106405870276,
    "exchange_outflow": 0.0021050252208834053,
    "funding_rate": -0.013969798428571545,
    "whale_txs": 10.0,
    "ts": 1760452661.469815
  }
}