{
  "_ts": 1760462910.678431,
  "value": {
    "active_wallets": 4604.0,
    "exchange_inflow": 0.42857460687526183,
    "exchange_outflow": 0.19674910429770476,
    "funding_rate": -0.04788643428497963,
    "whale_txs": 8.0,
    "ts": 1760462910.678429
  }
}