{
  "_ts": 1760452676.502579,
  "value": {
    "active_wallets": 2451.0,
    "exchange_inflow": 0.02210630762928989,
    "exchange_outflow": 0.6567845541712223,
    "funding_rate": -0.0331955912883211,
    "whale_txs": 10.0,
    "ts": 1760452676.502574
  }
}