{
  "_ts": 1760394197.67188,
  "value": {
    "active_wallets": 3842.0,
    "exchange_inflow": 0.9031019538984323,
    "exchange_outflow": 0.8732510718815526,
    "funding_rate": 0.013712649484884848,
    "whale_txs": 0.0,
    "ts": 1760394197.6718779
  }
}