{
  "_ts": 1760461407.384275,
  "value": {
    "active_wallets": 2568.0,
    "exchange_inflow": 0.21221398943480663,
    "exchange_outflow": 0.5017145972103052,
    "funding_rate": 0.03698591842096735,
    "whale_txs": 11.0,
    "ts": 1760461407.3842719
  }
}