{
  "_ts": 1760459576.787488,
  "value": {
    "active_wallets": 1329.0,
    "exchange_inflow": 0.4900277595821759,
    "exchange_outflow": 0.8734152380709154,
    "funding_rate": 0.021619706238693442,
    "whale_txs": 3.0,
    "ts": 1760459576.787482
  }
}