{
  "_ts": 1760424097.2889779,
  "value": {
    "active_wallets": 2728.0,
    "exchange_inflow": 0.6886091028532727,
    "exchange_outflow": 0.5881703699672439,
    "funding_rate": -0.04994081045518315,
    "whale_txs": 10.0,
    "ts": 1760424097.288971
  }
}