{
  "_ts": 1760459576.785697,
  "value": {
    "active_wallets": 1289.0,
    "exchange_inflow": 0.7835447573278163,
    "exchange_outflow": 0.44746915370617324,
    "funding_rate": -0.003964921508985017,
    "whale_txs": 14.0,
    "ts": 1760459576.7856588
  }
}