{
  "_ts": 1760394198.3594801,
  "value": {
    "active_wallets": 1763.0,
    "exchange_inflow": 0.5685595107179625,
    "exchange_outflow": 0.06691067331438738,
    "funding_rate": -0.012939314172083709,
    "whale_txs": 20.0,
    "ts": 1760394198.359469
  }
}