{
  "_ts": 1760433414.590454,
  "value": {
    "active_wallets": 4072.0,
    "exchange_inflow": 0.3269200312093379,
    "exchange_outflow": 0.8258313124831772,
    "funding_rate": -0.02084830613264073,
    "whale_txs": 14.0,
    "ts": 1760433414.590424
  }
}