{
  "_ts": 1760429808.3548942,
  "value": {
    "active_wallets": 3801.0,
    "exchange_inflow": 0.6922389048522855,
    "exchange_outflow": 0.10564973331995464,
    "funding_rate": 0.0375953642879986,
    "whale_txs": 6.0,
    "ts": 1760429808.354888
  }
}