{
  "_ts": 1760420489.534017,
  "value": {
    "active_wallets": 2841.0,
    "exchange_inflow": 0.8477124030082338,
    "exchange_outflow": 0.7230572257540118,
    "funding_rate": 0.03248058747247211,
    "whale_txs": 13.0,
    "ts": 1760420489.534011
  }
}