{
  "_ts": 1760451071.253411,
  "value": {
    "active_wallets": 4526.0,
    "exchange_inflow": 0.1635433983781669,
    "exchange_outflow": 0.7587035636660883,
    "funding_rate": 0.025275281150889575,
    "whale_txs": 0.0,
    "ts": 1760451071.253379
  }
}