{
  "_ts": 1760463211.405252,
  "value": {
    "active_wallets": 3603.0,
    "exchange_inflow": 0.7951795058143982,
    "exchange_outflow": 0.6638001494411774,
    "funding_rate": 0.048601120844366894,
    "whale_txs": 10.0,
    "ts": 1760463211.40525
  }
}