{
  "_ts": 1760462910.6778371,
  "value": {
    "active_wallets": 4036.0,
    "exchange_inflow": 0.873600695588309,
    "exchange_outflow": 0.22674528926465365,
    "funding_rate": 0.014393629810586006,
    "whale_txs": 18.0,
    "ts": 1760462910.677834
  }
}