{
  "_ts": 1760451760.030428,
  "value": {
    "active_wallets": 3035.0,
    "exchange_inflow": 0.44178209456640216,
    "exchange_outflow": 0.24641724961845446,
    "funding_rate": -0.026462411342411032,
    "whale_txs": 8.0,
    "ts": 1760451760.030425
  }
}