{
  "_ts": 1760428005.159095,
  "value": {
    "active_wallets": 2128.0,
    "exchange_inflow": 0.2639511789977017,
    "exchange_outflow": 0.34320546397847695,
    "funding_rate": 0.045167296425461786,
    "whale_txs": 14.0,
    "ts": 1760428005.159086
  }
}