{
  "_ts": 1760460680.514038,
  "value": {
    "active_wallets": 1014.0,
    "exchange_inflow": 0.9726336102066501,
    "exchange_outflow": 0.531395954728702,
    "funding_rate": -0.0239375158727018,
    "whale_txs": 18.0,
    "ts": 1760460680.514028
  }
}