{
  "_ts": 1760498101.124738,
  "value": {
    "active_wallets": 3931.0,
    "exchange_inflow": 0.6116379668781178,
    "exchange_outflow": 0.17742879888933927,
    "funding_rate": 0.012190591550522302,
    "whale_txs": 7.0,
    "ts": 1760498101.1247349
  }
}