{
  "_ts": 1760401735.7031958,
  "value": 0.23120980018104906
}