{
  "_ts": 1760394213.783961,
  "value": 0.22687700196649555
}